{
  "model_type": "multinomial_logreg",
  "classes": [
    "HOME",
    "DRAW",
    "AWAY"
  ],
  "feature_names": [
    "market_home_win",
    "market_draw",
    "market_away_win",
    "dc_home_win",
    "dc_draw",
    "dc_away_win",
    "res_home_win",
    "res_draw",
    "res_away_win",
    "ent_market",
    "ent_dc",
    "ent_res",
    "maxdiff_mkt_dc",
    "maxdiff_mkt_res"
  ],
  "coef": [
    [
      0.12095479201462941,
      0.019890717335491824,
      -0.13972247691740808,
      -0.006966259553533053,
      0.004151571798025349,
      0.006611261307503285,
      0.15165107676369316,
      -0.07080406666294417,
      -0.13631954594024698,
      -0.019063307933796396,
      -0.03680614586637767,
      -0.02453968218681211,
      0.019729419641763793,
      -0.02809917903722964
    ],
    [
      -0.007135593329450992,
      0.019072438393568186,
      0.002168583452264341,
      0.01098574231104924,
      -0.029271222409559407,
      -0.004249987326164244,
      -0.016385520657305065,
      0.15261592573037647,
      -0.0355168304331928,
      -0.12591157512698248,
      0.05297921280972509,
      0.06924078446839632,
      -0.013420415775583807,
      0.013174355576308862
    ],
    [
      -0.1138353929226829,
      -0.03894676647846537,
      0.13757986323045393,
      -0.004027820354029358,
      0.025109123815770594,
      -0.002356485362839768,
      -0.13526188408112896,
      -0.08182834494402308,
      0.17185124118438963,
      0.14496188254933676,
      -0.016178009275011326,
      -0.04471629731164541,
      -0.006304064326369064,
      0.014915284946385929
    ]
  ],
  "intercept": [
    0.3003386169917123,
    -0.1890715741312183,
    -0.11126704286049438
  ],
  "mean": [
    0.4404180427230652,
    0.2480258858802642,
    0.31155607139666947,
    0.4411575932667545,
    0.234163474349262,
    0.3246789323839842,
    0.4357965197036199,
    0.2520692569311959,
    0.3121342233651852,
    0.9851180281079632,
    1.0327598644185791,
    0.9626572529400453,
    0.13623939609303568,
    0.04203544310384169
  ],
  "std": [
    0.17902521431048662,
    0.04861326965397265,
    0.16188180225364027,
    0.11480981833912222,
    0.02809658677230236,
    0.10316946054616104,
    0.19626495902560315,
    0.06411842486310716,
    0.1850195079811576,
    0.1296393397852804,
    0.06844721617935998,
    0.1583775715208882,
    0.08666247137655657,
    0.021974176816194353
  ],
  "l2": 0.01,
  "trained_at_utc": "2026-01-20T00:07:31.933013Z"
}